{"tiger": {"result": [{"public_split": {"mmAP": 0.6058008755196289, "mAP(single_cam)": 0.7281125314315197, "top-1(single_cam)": 0.8971428571428571, "top-5(single_cam)": 0.94, "mAP(cross_cam)": 0.48348921960773816, "top-1(cross_cam)": 0.7657142857142857, "top-5(cross_cam)": 0.8914285714285715}}, {"private_split": {"mmAP": 0.6025656997698474, "mAP(single_cam)": 0.7139560531997377, "top-1(single_cam)": 0.8787446504992867, "top-5(single_cam)": 0.927246790299572, "mAP(cross_cam)": 0.49117534633995713, "top-1(cross_cam)": 0.80620884289746, "top-5(cross_cam)": 0.8880526810912511}}]}, "h_yak": {"Rank@1": 0.745192289352417, "Rank@5": 0.8269230723381042, "Rank@10": 0.879807710647583, "mAP": 0.33858631026385566}, "elephant": {"Rank@1": 0.15526315569877625, "Rank@5": 0.27105262875556946, "Rank@10": 0.31842106580734253, "mAP": 0.06160720341820432}, "opt": {"model_type": "tiger", "dataset_type": "all", "model_path": "/home/yinyu/Thesis/animal-reid/model/seresnet_dve_2_circle_posture_segv3_ls_tiger/net_last.pth", "gpu_ids": "0,1", "batchsize": 32, "linear_num": 512, "use_swin": false, "use_ori": false, "way1_dve": true, "name": "seresnet_dve_2", "concat": true, "ori_dim": false, "ori_stride": false, "transform_ori": false, "resume": "/home/yinyu/Thesis/resnet-64-epoch120.pth", "seed": "0", "joint": false}}