{"tiger": {"result": [{"public_split": {"mmAP": 0.36947888801463447, "mAP(single_cam)": 0.4703106710448701, "top-1(single_cam)": 0.7514285714285714, "top-5(single_cam)": 0.8542857142857143, "mAP(cross_cam)": 0.26864710498439887, "top-1(cross_cam)": 0.68, "top-5(cross_cam)": 0.7885714285714286}}, 
{"private_split": {"mmAP": 0.37461566138697283, "mAP(single_cam)": 0.4681240420601753, "top-1(single_cam)": 0.7289586305278174, "top-5(single_cam)": 0.8388017118402282, "mAP(cross_cam)": 0.28110728071377034, "top-1(cross_cam)": 0.6603951081843838, "top-5(cross_cam)": 0.80620884289746}}]}, 
"h_yak": {"Rank@1": 0.7596153616905212, "Rank@5": 0.8557692170143127, "Rank@10": 0.875, "mAP": 0.35284794701774075}, 
"elephant": {"Rank@1": 0.3657894730567932, "Rank@5": 0.5868421196937561, "Rank@10": 0.6947368383407593, "mAP": 0.21904638607851992}, "opt": {"model_type": "elephant", "dataset_type": "all", "model_path": "/home/yinyu/Thesis/animal-reid/model/seresnet_dve_1_circle_posture_segv3_ls_elephant/net_last.pth", "gpu_ids": "0,1", "batchsize": 32, "linear_num": 512, "use_swin": false, "use_ori": false, "way1_dve": true, "name": "seresnet_dve_1", "concat": true, "ori_dim": false, "ori_stride": false, "transform_ori": false, "resume": "/home/yinyu/Thesis/cnn5-64-epoch120.pth", "seed": "0", "joint": false}}