{"tiger": {"result": [{"public_split": {"mmAP": 0.6132575642084909, "mAP(single_cam)": 0.7439053733848344, "top-1(single_cam)": 0.9057142857142857, "top-5(single_cam)": 0.9485714285714286, "mAP(cross_cam)": 0.48260975503214737, "top-1(cross_cam)": 0.8, "top-5(cross_cam)": 0.8971428571428571}}, 
{"private_split": {"mmAP": 0.6151399891013474, "mAP(single_cam)": 0.7312127338171165, "top-1(single_cam)": 0.8858773181169758, "top-5(single_cam)": 0.9315263908701854, "mAP(cross_cam)": 0.49906724438557826, "top-1(cross_cam)": 0.8080903104421449, "top-5(cross_cam)": 0.90310442144873}}]},
 "h_yak": {"Rank@1": 0.7740384340286255, "Rank@5": 0.8605769276618958, "Rank@10": 0.9038461446762085, "mAP": 0.36626488411402813},
  "elephant": {"Rank@1": 0.1631578952074051, "Rank@5": 0.27368420362472534, "Rank@10": 0.33157894015312195, "mAP": 0.06156354340689598},
   "opt": {"model_type": "tiger", "dataset_type": "all", "model_path": "/home/yinyu/Thesis/animal-reid/model/cnn5_v1_circle_posture_segv3_ls_tiger_dve_joint_all/net_last.pth", "gpu_ids": "0,1", "batchsize": 32, "linear_num": 512, "use_swin": false, "use_ori": false, "way1_dve": false, "name": "tiger_cnn5_v1", "concat": true, "ori_dim": false, "ori_stride": false, "transform_ori": false, "resume": null, "seed": "0", "joint": true}}