{"tiger": {"result": [{"public_split": {"mmAP": 0.4361978352066862, "mAP(single_cam)": 0.568378746004434, "top-1(single_cam)": 0.8314285714285714, "top-5(single_cam)": 0.9171428571428571, "mAP(cross_cam)": 0.3040169244089384, "top-1(cross_cam)": 0.6971428571428572, "top-5(cross_cam)": 0.8057142857142857}},
 {"private_split": {"mmAP": 0.4323803101663395, "mAP(single_cam)": 0.5549330989592581, "top-1(single_cam)": 0.81169757489301, "top-5(single_cam)": 0.8930099857346647, "mAP(cross_cam)": 0.3098275213734209, "top-1(cross_cam)": 0.6839134524929446, "top-5(cross_cam)": 0.8278457196613358}}]}, 
 "h_yak": {"Rank@1": 0.754807710647583, "Rank@5": 0.8605769276618958, "Rank@10": 0.8990384340286255, "mAP": 0.37346583094140146},
  "elephant": {"Rank@1": 0.37368419766426086, "Rank@5": 0.6078947186470032, "Rank@10": 0.7078947424888611, "mAP": 0.21890241921477085}, 
  "opt": {"model_type": "elephant", "dataset_type": "all", "model_path": "/home/yinyu/Thesis/animal-reid/model/cnn5_v1_circle_posture_segv3_ls_elephant/net_last.pth", "gpu_ids": "0,1", "batchsize": 32, "linear_num": 512, "use_swin": false, "use_ori": false, "way1_dve": false, "name": "tiger_cnn5_v1", "concat": true, "ori_dim": false, "ori_stride": false, "transform_ori": false, "resume": null, "seed": "0", "joint": false}}