{"tiger": {"result": [{"public_split": {"mmAP": 0.6291947887464873, "mAP(single_cam)": 0.7540072740568655, "top-1(single_cam)": 0.9028571428571428, "top-5(single_cam)": 0.9485714285714286, "mAP(cross_cam)": 0.5043823034361091, "top-1(cross_cam)": 0.8057142857142857, "top-5(cross_cam)": 0.8971428571428571}}, 
{"private_split": {"mmAP": 0.6222895893951707, "mAP(single_cam)": 0.7333776686633096, "top-1(single_cam)": 0.8815977175463623, "top-5(single_cam)": 0.9300998573466477, "mAP(cross_cam)": 0.5112015101270317, "top-1(cross_cam)": 0.8184383819379115, "top-5(cross_cam)": 0.90310442144873}}]}, 
"h_yak": {"Rank@1": 0.817307710647583, "Rank@5": 0.8846153616905212, "Rank@10": 0.9230769276618958, "mAP": 0.3808483234799648},
 "elephant": {"Rank@1": 0.16842105984687805, "Rank@5": 0.2605263292789459, "Rank@10": 0.34473684430122375, "mAP": 0.06663684660866755}, "opt": {"model_type": "tiger", "dataset_type": "all", "model_path": "/home/yinyu/Thesis/animal-reid/model/cnn5_v1_circle_posture_segv3_ls_tiger_666/net_best.pth", "gpu_ids": "0,1", "batchsize": 32, "linear_num": 512, "use_swin": false, "use_ori": false, "way1_dve": false, "name": "tiger_cnn5_v1", "concat": true, "ori_dim": false, "ori_stride": false, "transform_ori": false, "resume": null, "seed": "0", "joint": false}}