{"tiger": {"result": [{"public_split": {"mmAP": 0.6239379900569004, "mAP(single_cam)": 0.7646304328763887, "top-1(single_cam)": 0.8885714285714286, "top-5(single_cam)": 0.9428571428571428, "mAP(cross_cam)": 0.48324554723741225, "top-1(cross_cam)": 0.7714285714285715, "top-5(cross_cam)": 0.8628571428571429}}, 
{"private_split": {"mmAP": 0.6229319584683766, "mAP(single_cam)": 0.745555733589574, "top-1(single_cam)": 0.8773181169757489, "top-5(single_cam)": 0.9286733238231099, "mAP(cross_cam)": 0.500308183347179, "top-1(cross_cam)": 0.8165569143932268, "top-5(cross_cam)": 0.8936970837253058}}]}, 
"h_yak": {"Rank@1": 0.7788461446762085, "Rank@5": 0.8509615659713745, "Rank@10": 0.879807710647583, "mAP": 0.36837404087446235}, 
"elephant": {"Rank@1": 0.19736842811107635, "Rank@5": 0.30000001192092896, "Rank@10": 0.3815789520740509, "mAP": 0.0758560438987896},
 "opt": {"model_type": "tiger", "dataset_type": "all", "model_path": "/home/yinyu/Thesis/animal-reid/model/cnn5_v1_circle_posture_segv3_ls_tiger/net_best.pth", "gpu_ids": "0,1", "batchsize": 32, "linear_num": 512, "use_swin": false, "use_ori": false, "way1_dve": false, "name": "tiger_cnn5_v1", "concat": true, "ori_dim": false, "ori_stride": false, "transform_ori": false, "resume": null, "seed": "0", "joint": false}}