{"tiger": {"result": [{"public_split": {"mmAP": 0.44002651072240595, "mAP(single_cam)": 0.5714238184805555, "top-1(single_cam)": 0.8228571428571428, "top-5(single_cam)": 0.9, "mAP(cross_cam)": 0.3086292029642564, "top-1(cross_cam)": 0.6971428571428572, "top-5(cross_cam)": 0.8342857142857143}}, 
{"private_split": {"mmAP": 0.43909748586927944, "mAP(single_cam)": 0.5604979783080069, "top-1(single_cam)": 0.7845934379457917, "top-5(single_cam)": 0.8830242510699001, "mAP(cross_cam)": 0.31769699343055197, "top-1(cross_cam)": 0.7102539981185324, "top-5(cross_cam)": 0.8551269990592663}}]}, 
"h_yak": {"Rank@1": 0.8653846383094788, "Rank@5": 0.9375, "Rank@10": 0.9615384340286255, "mAP": 0.5895027745052095},
 "elephant": {"Rank@1": 0.19473683834075928, "Rank@5": 0.28421053290367126, "Rank@10": 0.33421051502227783, "mAP": 0.07262720498698602}, 
"opt": {"model_type": "yak", "dataset_type": "all", "model_path": "/home/yinyu/Thesis/animal-reid/model/cnn5_v1_circle_posture_segv3_ls_yak/net_99.pth", "gpu_ids": "0,1", "batchsize": 32, "linear_num": 512, "use_swin": false, "use_ori": false, "way1_dve": false, "name": "tiger_cnn5_v1", "concat": true, "ori_dim": false, "ori_stride": false, "transform_ori": false, "resume": null, "seed": "0", "joint": false}}