{"tiger": {"result": [{"public_split": {"mmAP": 0.38827290386115687, "mAP(single_cam)": 0.5019776535733071, "top-1(single_cam)": 0.7685714285714286, "top-5(single_cam)": 0.8714285714285714, "mAP(cross_cam)": 0.27456815414900654, "top-1(cross_cam)": 0.7028571428571428, "top-5(cross_cam)": 0.8057142857142857}}, {"private_split": {"mmAP": 0.38537087176768614, "mAP(single_cam)": 0.4899453832342845, "top-1(single_cam)": 0.7475035663338089, "top-5(single_cam)": 0.8516405135520685, "mAP(cross_cam)": 0.28079636030108784, "top-1(cross_cam)": 0.6792097836312324, "top-5(cross_cam)": 0.8212605832549389}}]}, "h_yak": {"Rank@1": 0.8509615659713745, "Rank@5": 0.942307710647583, "Rank@10": 0.9663461446762085, "mAP": 0.5122173300848994}, "elephant": {"Rank@1": 0.1342105269432068, "Rank@5": 0.24736842513084412, "Rank@10": 0.31842106580734253, "mAP": 0.06437636353653584}, "opt": {"model_type": "yak", "dataset_type": "all", "model_path": "/home/yinyu/Thesis/animal-reid/model/seresnet_dve_2_circle_posture_segv3_ls_yak/net_last.pth", "gpu_ids": "0,1", "batchsize": 32, "linear_num": 512, "use_swin": false, "use_ori": false, "way1_dve": true, "name": "seresnet_dve_2", "concat": true, "ori_dim": false, "ori_stride": false, "transform_ori": false, "resume": "/home/yinyu/Thesis/resnet-64-epoch120.pth", "seed": "0", "joint": false}}