{"tiger": {"result": [{"public_split": {"mmAP": 0.6279726423632401, "mAP(single_cam)": 0.7532765440075605, "top-1(single_cam)": 0.8914285714285715, "top-5(single_cam)": 0.9514285714285714, "mAP(cross_cam)": 0.5026687407189198, "top-1(cross_cam)": 0.8057142857142857, "top-5(cross_cam)": 0.8914285714285715}}, 
{"private_split": {"mmAP": 0.6217917729553024, "mAP(single_cam)": 0.7315989394766633, "top-1(single_cam)": 0.8701854493580599, "top-5(single_cam)": 0.9300998573466477, "mAP(cross_cam)": 0.5119846064339416, "top-1(cross_cam)": 0.8212605832549389, "top-5(cross_cam)": 0.9059266227657573}}]}, 
"h_yak": {"Rank@1": 0.8125, "Rank@5": 0.8846153616905212, "Rank@10": 0.9278846383094788, "mAP": 0.3768926802315618}, 
"elephant": {"Rank@1": 0.17368420958518982, "Rank@5": 0.2631579041481018, "Rank@10": 0.3368421196937561, "mAP": 0.0670881578279077}, 
"opt": {"model_type": "tiger", "dataset_type": "all", "model_path": "/home/yinyu/Thesis/animal-reid/model/cnn5_v1_circle_posture_segv3_ls_tiger_666/net_last.pth", "gpu_ids": "0,1", "batchsize": 32, "linear_num": 512, "use_swin": false, "use_ori": false, "way1_dve": false, "name": "tiger_cnn5_v1", "concat": true, "ori_dim": false, "ori_stride": false, "transform_ori": false, "resume": null, "seed": "0", "joint": false}}