{"tiger": {"result": [{"public_split": {"mmAP": 0.4158979399959717, "mAP(single_cam)": 0.5397278042977383, "top-1(single_cam)": 0.7771428571428571, "top-5(single_cam)": 0.88, "mAP(cross_cam)": 0.29206807569420506, "top-1(cross_cam)": 0.6971428571428572, "top-5(cross_cam)": 0.8228571428571428}}, 
{"private_split": {"mmAP": 0.4157876749379624, "mAP(single_cam)": 0.5323327244682321, "top-1(single_cam)": 0.7646219686162625, "top-5(single_cam)": 0.8701854493580599, "mAP(cross_cam)": 0.2992426254076927, "top-1(cross_cam)": 0.7102539981185324, "top-5(cross_cam)": 0.8334901222953904}}]}, 
"h_yak": {"Rank@1": 0.8509615659713745, "Rank@5": 0.9375, "Rank@10": 0.9615384340286255, "mAP": 0.5587108190137319},
 "elephant": {"Rank@1": 0.15000000596046448, "Rank@5": 0.24473683536052704, "Rank@10": 0.339473694562912, "mAP": 0.06088064710063644}, 
 "opt": {"model_type": "yak", "dataset_type": "all", "model_path": "/home/yinyu/Thesis/animal-reid/model/cnn5_v1_circle_posture_segv3_ls_yak_dve_joint_all/net_99.pth", "gpu_ids": "0,1", "batchsize": 32, "linear_num": 512, "use_swin": false, "use_ori": false, "way1_dve": false, "name": "tiger_cnn5_v1", "concat": true, "ori_dim": false, "ori_stride": false, "transform_ori": false, "resume": null, "seed": "0", "joint": true}}