{"tiger": {"result": [{"public_split": {"mmAP": 0.4601823785585713, "mAP(single_cam)": 0.6029405224686034, "top-1(single_cam)": 0.8342857142857143, "top-5(single_cam)": 0.9171428571428571, "mAP(cross_cam)": 0.3174242346485392, "top-1(cross_cam)": 0.68, "top-5(cross_cam)": 0.8228571428571428}}, 
{"private_split": {"mmAP": 0.45714146814251266, "mAP(single_cam)": 0.5847967702441896, "top-1(single_cam)": 0.8102710413694721, "top-5(single_cam)": 0.8858773181169758, "mAP(cross_cam)": 0.32948616604083575, "top-1(cross_cam)": 0.7187206020696143, "top-5(cross_cam)": 0.8617121354656632}}]}, 
"h_yak": {"Rank@1": 0.7932692170143127, "Rank@5": 0.8461538553237915, "Rank@10": 0.870192289352417, "mAP": 0.35732150002460195}, 
"elephant": {"Rank@1": 0.2763157784938812, "Rank@5": 0.46578946709632874, "Rank@10": 0.5763157606124878, "mAP": 0.13961596462548528}, 
"opt": {"model_type": "elephant", "dataset_type": "all", "model_path": "/home/yinyu/Thesis/animal-reid/model/cnn5_v1_circle_posture_segv3_ls_elephant_dve_joint/net_best.pth", "gpu_ids": "0,1", "batchsize": 32, "linear_num": 512, "use_swin": false, "use_ori": false, "way1_dve": false, "name": "tiger_cnn5_v1", "concat": true, "ori_dim": false, "ori_stride": false, "transform_ori": false, "resume": null, "seed": "0", "joint": true}}