{"tiger": {"result": [{"public_split": {"mmAP": 0.4085759543651649, "mAP(single_cam)": 0.5245160819532111, "top-1(single_cam)": 0.7971428571428572, "top-5(single_cam)": 0.9028571428571428, "mAP(cross_cam)": 0.2926358267771187, "top-1(cross_cam)": 0.6571428571428571, "top-5(cross_cam)": 0.7942857142857143}},
 {"private_split": {"mmAP": 0.4093152307055907, "mAP(single_cam)": 0.5208961521957443, "top-1(single_cam)": 0.7717546362339515, "top-5(single_cam)": 0.891583452211127, "mAP(cross_cam)": 0.29773430921543725, "top-1(cross_cam)": 0.6839134524929446, "top-5(cross_cam)": 0.8250235183443085}}]}, 
 "h_yak": {"Rank@1": 0.7884615659713745, "Rank@5": 0.870192289352417, "Rank@10": 0.9038461446762085, "mAP": 0.372780728778385}, 
 "elephant": {"Rank@1": 0.38947367668151855, "Rank@5": 0.5947368144989014, "Rank@10": 0.7078947424888611, "mAP": 0.22200676475600437}, 
 "opt": {"model_type": "elephant", "dataset_type": "all", "model_path": "/home/yinyu/Thesis/animal-reid/model/cnn5_v1_circle_posture_segv3_ls_elephant_dve_joint_all/net_last.pth", "gpu_ids": "0,1", "batchsize": 32, "linear_num": 512, "use_swin": false, "use_ori": false, "way1_dve": false, "name": "tiger_cnn5_v1", "concat": true, "ori_dim": false, "ori_stride": false, "transform_ori": false, "resume": null, "seed": "0", "joint": true}}