{"tiger": {"result": [{"public_split": {"mmAP": 0.5946515641352706, "mAP(single_cam)": 0.7162004770959844, "top-1(single_cam)": 0.8685714285714285, "top-5(single_cam)": 0.9342857142857143, "mAP(cross_cam)": 0.4731026511745569, "top-1(cross_cam)": 0.7485714285714286, "top-5(cross_cam)": 0.8685714285714285}}, {"private_split": {"mmAP": 0.5941580581098806, "mAP(single_cam)": 0.7071828260046389, "top-1(single_cam)": 0.8730385164051355, "top-5(single_cam)": 0.927246790299572, "mAP(cross_cam)": 0.4811332902151225, "top-1(cross_cam)": 0.7723424270931326, "top-5(cross_cam)": 0.8720602069614299}}]}, "h_yak": {"Rank@1": 0.6971153616905212, "Rank@5": 0.8509615659713745, "Rank@10": 0.879807710647583, "mAP": 0.3278700545841622}, "elephant": {"Rank@1": 0.15526315569877625, "Rank@5": 0.24736842513084412, "Rank@10": 0.3210526406764984, "mAP": 0.06033232892039672}, "opt": {"model_type": "tiger", "dataset_type": "all", "model_path": "/home/yinyu/Thesis/animal-reid/model/seresnet_dve_1_circle_posture_segv3_ls_tiger_mod/net_last.pth", "gpu_ids": "0,1", "batchsize": 32, "linear_num": 512, "use_swin": false, "use_ori": false, "way1_dve": true, "name": "seresnet_dve_1", "concat": true, "ori_dim": false, "ori_stride": false, "transform_ori": false, "resume": "/home/yinyu/Thesis/resnet-64-epoch120.pth", "seed": "0", "joint": false}}