{"tiger": {"result": [{"public_split": {"mmAP": 0.4665326348654055, "mAP(single_cam)": 0.6137814321679884, "top-1(single_cam)": 0.8285714285714286, "top-5(single_cam)": 0.9, "mAP(cross_cam)": 0.3192838375628226, "top-1(cross_cam)": 0.7257142857142858, "top-5(cross_cam)": 0.8685714285714285}}, 
{"private_split": {"mmAP": 0.4577770259241106, "mAP(single_cam)": 0.5976365788248112, "top-1(single_cam)": 0.8145506419400856, "top-5(single_cam)": 0.8930099857346647, "mAP(cross_cam)": 0.31791747302341006, "top-1(cross_cam)": 0.7168391345249294, "top-5(cross_cam)": 0.8504233301975541}}]},
 "h_yak": {"Rank@1": 0.8846153616905212, "Rank@5": 0.932692289352417, "Rank@10": 0.942307710647583, "mAP": 0.5382255582095756}, 
 "elephant": {"Rank@1": 0.1763157844543457, "Rank@5": 0.27105262875556946, "Rank@10": 0.3236842155456543, "mAP": 0.06840966120949048}, 
 "opt": {"model_type": "yak", "dataset_type": "all", "model_path": "/home/yinyu/Thesis/animal-reid/model/cnn5_v1_circle_posture_segv3_ls_yak_dve_joint/net_99.pth", "gpu_ids": "0,1", "batchsize": 32, "linear_num": 512, "use_swin": false, "use_ori": false, "way1_dve": false, "name": "tiger_cnn5_v1", "concat": true, "ori_dim": false, "ori_stride": false, "transform_ori": false, "resume": null, "seed": "0", "joint": true}}