{"tiger": {"result": [{"public_split": {"mmAP": 0.5990439862908055, "mAP(single_cam)": 0.7348780855600082, "top-1(single_cam)": 0.8657142857142858, "top-5(single_cam)": 0.9285714285714286, "mAP(cross_cam)": 0.4632098870216027, "top-1(cross_cam)": 0.7771428571428571, "top-5(cross_cam)": 0.8742857142857143}}, {"private_split": {"mmAP": 0.5994543505182183, "mAP(single_cam)": 0.7202293709432369, "top-1(single_cam)": 0.8573466476462197, "top-5(single_cam)": 0.9172610556348074, "mAP(cross_cam)": 0.47867933009319963, "top-1(cross_cam)": 0.7920978363123237, "top-5(cross_cam)": 0.90310442144873}}]}, "h_yak": {"Rank@1": 0.7307692170143127, "Rank@5": 0.8221153616905212, "Rank@10": 0.879807710647583, "mAP": 0.34407873014554}, "elephant": {"Rank@1": 0.16578947007656097, "Rank@5": 0.2657894790172577, "Rank@10": 0.339473694562912, "mAP": 0.0640839891808821}, "opt": {"model_type": "tiger", "dataset_type": "all", "model_path": "/home/yinyu/Thesis/animal-reid/model/seresnet_dve_1_5_circle_posture_segv3_ls_tiger/net_last.pth", "gpu_ids": "0,1", "batchsize": 32, "linear_num": 512, "use_swin": false, "use_ori": false, "way1_dve": true, "name": "seresnet_dve_1_5", "concat": true, "ori_dim": false, "ori_stride": false, "transform_ori": false, "resume": "/home/yinyu/Thesis/resnet-64-epoch120.pth", "seed": "0", "joint": false}}