{"tiger": {"result": [{"public_split": {"mmAP": 0.6254356107444765, "mAP(single_cam)": 0.7645511855187928, "top-1(single_cam)": 0.8914285714285715, "top-5(single_cam)": 0.9485714285714286, "mAP(cross_cam)": 0.4863200359701602, "top-1(cross_cam)": 0.7885714285714286, "top-5(cross_cam)": 0.8857142857142857}},
 {"private_split": {"mmAP": 0.6241284560918182, "mAP(single_cam)": 0.7449088328801295, "top-1(single_cam)": 0.8773181169757489, "top-5(single_cam)": 0.9315263908701854, "mAP(cross_cam)": 0.5033480793035069, "top-1(cross_cam)": 0.8231420507996237, "top-5(cross_cam)": 0.8993414863593603}}]}, 
"h_yak": {"Rank@1": 0.7788461446762085, "Rank@5": 0.8509615659713745, "Rank@10": 0.8846153616905212, "mAP": 0.3656070481846874}, 
"elephant": {"Rank@1": 0.20000000298023224, "Rank@5": 0.30000001192092896, "Rank@10": 0.3657894730567932, "mAP": 0.07722886476144818}, 
"opt": {"model_type": "tiger", "dataset_type": "all", "model_path": "/home/yinyu/Thesis/animal-reid/model/cnn5_v1_circle_posture_segv3_ls_tiger/net_last.pth", "gpu_ids": "0,1", "batchsize": 32, "linear_num": 512, "use_swin": false, "use_ori": false, "way1_dve": false, "name": "tiger_cnn5_v1", "concat": true, "ori_dim": false, "ori_stride": false, "transform_ori": false, "resume": null, "seed": "0", "joint": false}}