{"tiger": {"result": [{"public_split": {"mmAP": 0.351349648706394, "mAP(single_cam)": 0.4529754335488011, "top-1(single_cam)": 0.7342857142857143, "top-5(single_cam)": 0.8314285714285714, "mAP(cross_cam)": 0.2497238638639869, "top-1(cross_cam)": 0.6285714285714286, "top-5(cross_cam)": 0.7714285714285715}}, 
{"private_split": {"mmAP": 0.34403857879925004, "mAP(single_cam)": 0.4353391893078847, "top-1(single_cam)": 0.7132667617689016, "top-5(single_cam)": 0.818830242510699, "mAP(cross_cam)": 0.2527379682906154, "top-1(cross_cam)": 0.6349952963311383, "top-5(cross_cam)": 0.7968015051740357}}]}, 
"h_yak": {"Rank@1": 0.8461538553237915, "Rank@5": 0.9519230723381042, "Rank@10": 0.9519230723381042, "mAP": 0.534066458846941}, 
"elephant": {"Rank@1": 0.13947369158267975, "Rank@5": 0.25526314973831177, "Rank@10": 0.34736841917037964, "mAP": 0.06435050449303246}, 
"opt": {"model_type": "yak", "dataset_type": "all", "model_path": "/home/yinyu/Thesis/animal-reid/model/seresnet_dve_1_circle_posture_segv3_ls_yak/net_99.pth", "gpu_ids": "0,1", "batchsize": 32, "linear_num": 512, "use_swin": false, "use_ori": false, "way1_dve": true, "name": "seresnet_dve_1", "concat": true, "ori_dim": false, "ori_stride": false, "transform_ori": false, "resume": "/home/yinyu/Thesis/cnn5-64-epoch120.pth", "seed": "0", "joint": false}}