{"tiger": {"result": [{"public_split": {"mmAP": 0.6032791807303481, "mAP(single_cam)": 0.7364978186098006, "top-1(single_cam)": 0.8971428571428571, "top-5(single_cam)": 0.9314285714285714, "mAP(cross_cam)": 0.47006054285089566, "top-1(cross_cam)": 0.7771428571428571, "top-5(cross_cam)": 0.9028571428571428}}, 
{"private_split": {"mmAP": 0.6035412206612689, "mAP(single_cam)": 0.720687170155659, "top-1(single_cam)": 0.8773181169757489, "top-5(single_cam)": 0.9158345221112696, "mAP(cross_cam)": 0.486395271166879, "top-1(cross_cam)": 0.8005644402634055, "top-5(cross_cam)": 0.8984007525870179}}]},
 "h_yak": {"Rank@1": 0.7163461446762085, "Rank@5": 0.7980769276618958, "Rank@10": 0.8317307829856873, "mAP": 0.3212417320304388}, 
 "elephant": {"Rank@1": 0.1342105269432068, "Rank@5": 0.22631579637527466, "Rank@10": 0.3236842155456543, "mAP": 0.05436958691685722},
  "opt": {"model_type": "tiger", "dataset_type": "all", "model_path": "/home/yinyu/Thesis/animal-reid/model/seresnet_dve_1_circle_posture_segv3_ls_tiger/net_last.pth", "gpu_ids": "0,1", "batchsize": 32, "linear_num": 512, "use_swin": false, "use_ori": false, "way1_dve": true, "name": "seresnet_dve_1", "concat": true, "ori_dim": false, "ori_stride": false, "transform_ori": false, "resume": "/home/yinyu/Thesis/cnn5-64-epoch120.pth", "seed": "0", "joint": false}}