{"tiger": {"result": [{"public_split": {"mmAP": 0.4745002299913512, "mAP(single_cam)": 0.6175181894677655, "top-1(single_cam)": 0.8142857142857143, "top-5(single_cam)": 0.9142857142857143, "mAP(cross_cam)": 0.33148227051493695, "top-1(cross_cam)": 0.7085714285714285, "top-5(cross_cam)": 0.84}}, 
{"private_split": {"mmAP": 0.46763823625983336, "mAP(single_cam)": 0.5958255174347113, "top-1(single_cam)": 0.7945791726105563, "top-5(single_cam)": 0.8944365192582026, "mAP(cross_cam)": 0.3394509550849553, "top-1(cross_cam)": 0.7328316086547507, "top-5(cross_cam)": 0.8560677328316086}}]},
 "h_yak": {"Rank@1": 0.7788461446762085, "Rank@5": 0.8605769276618958, "Rank@10": 0.8894230723381042, "mAP": 0.356099883604034},
  "elephant": {"Rank@1": 0.27368420362472534, "Rank@5": 0.4684210419654846, "Rank@10": 0.6000000238418579, "mAP": 0.14948858272079804}, 
  "opt": {"model_type": "elephant", "dataset_type": "all", "model_path": "/home/yinyu/Thesis/animal-reid/model/cnn5_v1_circle_posture_segv3_ls_elephant_dve_joint/net_last.pth", "gpu_ids": "0,1", "batchsize": 32, "linear_num": 512, "use_swin": false, "use_ori": false, "way1_dve": false, "name": "tiger_cnn5_v1", "concat": true, "ori_dim": false, "ori_stride": false, "transform_ori": false, "resume": null, "seed": "0", "joint": true}}