{"tiger": {"result": [{"public_split": {"mmAP": 0.6313630180417775, "mAP(single_cam)": 0.7692666260906956, "top-1(single_cam)": 0.9, "top-5(single_cam)": 0.9514285714285714, "mAP(cross_cam)": 0.4934594099928595, "top-1(cross_cam)": 0.8, "top-5(cross_cam)": 0.92}}, 
{"private_split": {"mmAP": 0.632256704777924, "mAP(single_cam)": 0.755853407532422, "top-1(single_cam)": 0.8801711840228246, "top-5(single_cam)": 0.9386590584878745, "mAP(cross_cam)": 0.508660002023426, "top-1(cross_cam)": 0.8278457196613358, "top-5(cross_cam)": 0.9012229539040452}}]}, 
"h_yak": {"Rank@1": 0.754807710647583, "Rank@5": 0.8557692170143127, "Rank@10": 0.8894230723381042, "mAP": 0.3442120647488363}, 
"elephant": {"Rank@1": 0.1894736886024475, "Rank@5": 0.27368420362472534, "Rank@10": 0.36052632331848145, "mAP": 0.07199996809434478}, 
"opt": {"model_type": "tiger", "dataset_type": "all", "model_path": "/home/yinyu/Thesis/animal-reid/model/cnn5_v1_circle_posture_segv3_ls_tiger_dve_joint/net_last.pth", "gpu_ids": "0,1", "batchsize": 32, "linear_num": 512, "use_swin": false, "use_ori": false, "way1_dve": false, "name": "tiger_cnn5_v1", "concat": true, "ori_dim": false, "ori_stride": false, "transform_ori": false, "resume": null, "seed": "0", "joint": true}}